Modelo,MSE,R2
Linear Regression,19.693297871466545,-1.3824527293588509
Decision Tree,4.295576923076922,0.48033036257561124
Random Forest,7.859444403846141,0.049181356347759
